Tenure,MonthlyCharges,TotalCharges,ContractType,InternetService,PaymentMethod,SupportCalls,SeniorCitizen,Partner,Dependents,Churn
7,105.83,797.14,One year,Fiber optic,Electronic check,3,0,1,1,1
55,72.29,3987.3,One year,DSL,Bank transfer,0,0,1,1,0
47,84.52,4005.41,Month-to-month,Fiber optic,Credit card,4,1,0,0,1
32,68.58,2272.33,Month-to-month,DSL,Electronic check,3,0,1,0,1
31,65.74,1956.99,Month-to-month,DSL,Mailed check,1,0,0,1,0
61,50.51,3169.1,Month-to-month,No,Electronic check,0,1,1,0,1
7,80.76,428.0,Month-to-month,Fiber optic,Electronic check,1,1,1,1,1
50,48.71,2468.42,Month-to-month,No,Credit card,3,0,0,0,1
15,86.64,1317.47,Month-to-month,DSL,Mailed check,1,0,1,0,1
7,97.13,618.3,Month-to-month,DSL,Mailed check,2,0,0,0,1
38,79.16,3005.94,Month-to-month,Fiber optic,Electronic check,2,0,1,0,1
70,62.84,4336.81,Two year,Fiber optic,Credit card,1,0,1,0,0
53,81.35,4204.33,Month-to-month,No,Electronic check,2,0,1,0,1
55,62.28,3390.21,Month-to-month,DSL,Bank transfer,0,1,1,1,1
51,93.39,4652.42,Month-to-month,No,Electronic check,3,0,1,0,1
56,24.21,1388.31,Month-to-month,No,Electronic check,5,0,0,0,0
37,61.61,2164.55,Month-to-month,Fiber optic,Bank transfer,4,0,1,0,1
10,20.23,273.49,One year,DSL,Electronic check,2,1,0,1,0
60,32.62,1839.26,Two year,Fiber optic,Bank transfer,3,0,1,0,0
32,104.1,3274.46,Month-to-month,DSL,Electronic check,4,0,0,1,1
36,92.38,3263.21,One year,Fiber optic,Bank transfer,2,0,1,1,0
27,52.01,1536.87,Month-to-month,Fiber optic,Credit card,4,0,1,0,1
13,32.44,454.72,Month-to-month,No,Bank transfer,3,0,0,0,1
66,20.0,1298.83,Month-to-month,Fiber optic,Electronic check,2,1,1,1,1
56,56.41,3208.98,Month-to-month,Fiber optic,Bank transfer,2,0,1,0,1
46,130.51,5792.76,One year,Fiber optic,Credit card,2,0,0,1,1
29,80.87,2340.98,One year,Fiber optic,Electronic check,2,0,1,0,1
59,56.01,3504.38,One year,No,Electronic check,1,0,1,0,0
39,81.63,3196.69,Month-to-month,DSL,Credit card,3,0,1,0,1
32,30.98,998.02,One year,No,Electronic check,1,0,0,0,0
32,62.57,2056.95,Month-to-month,Fiber optic,Bank transfer,1,0,1,1,1
17,72.49,1321.84,Month-to-month,No,Credit card,0,0,0,0,0
7,67.85,275.19,Month-to-month,Fiber optic,Electronic check,0,0,1,1,1
40,89.77,3422.57,One year,Fiber optic,Bank transfer,2,0,0,0,1
64,78.62,5052.46,Two year,DSL,Bank transfer,0,0,0,1,0
5,86.71,362.05,Month-to-month,Fiber optic,Electronic check,4,0,0,1,1
61,52.79,3351.43,One year,DSL,Credit card,2,0,0,0,0
59,92.45,5422.76,One year,DSL,Electronic check,0,0,1,0,1
20,110.72,2021.02,Two year,Fiber optic,Mailed check,1,0,1,1,1
45,45.75,1931.78,Month-to-month,DSL,Credit card,3,1,1,1,1
12,47.81,298.72,One year,Fiber optic,Electronic check,1,0,1,0,0
54,103.39,5559.9,One year,Fiber optic,Credit card,2,0,0,0,1
50,65.22,3241.98,Two year,DSL,Electronic check,2,1,0,1,0
26,105.1,2690.04,Month-to-month,Fiber optic,Mailed check,1,0,1,0,1
5,58.94,402.57,Two year,DSL,Electronic check,2,0,1,0,1
69,106.38,7459.81,Month-to-month,Fiber optic,Bank transfer,5,0,1,0,1
32,73.29,2328.15,Two year,Fiber optic,Credit card,3,1,0,0,1
64,76.46,4679.7,Month-to-month,Fiber optic,Credit card,4,0,1,1,0
49,109.12,5408.51,Month-to-month,Fiber optic,Credit card,1,0,0,0,1
56,60.96,3469.06,Month-to-month,No,Bank transfer,1,0,1,1,0
54,46.47,2540.42,Month-to-month,Fiber optic,Credit card,0,0,0,0,1
14,58.79,921.15,Month-to-month,Fiber optic,Mailed check,2,1,1,0,0
26,81.31,1997.53,Month-to-month,Fiber optic,Credit card,1,0,0,0,1
34,30.86,1249.98,Month-to-month,Fiber optic,Bank transfer,3,0,1,0,0
36,85.94,2997.78,Month-to-month,DSL,Credit card,0,1,0,1,0
4,56.53,301.05,One year,Fiber optic,Electronic check,2,0,1,0,1
39,98.7,3680.38,Two year,DSL,Mailed check,1,0,0,1,1
11,20.0,126.97,One year,Fiber optic,Bank transfer,0,0,1,0,0
53,50.34,2819.44,Month-to-month,DSL,Electronic check,4,0,0,0,0
49,27.84,1337.99,Month-to-month,DSL,Electronic check,0,0,0,0,0
66,49.34,3340.71,Two year,No,Credit card,5,0,1,1,0
53,76.19,4061.85,Month-to-month,No,Mailed check,3,0,0,0,0
27,65.52,1758.53,Month-to-month,No,Electronic check,0,0,0,0,1
69,63.67,4529.31,Two year,No,Electronic check,1,0,1,0,0
30,66.02,1956.95,Two year,Fiber optic,Mailed check,0,1,1,0,0
24,75.08,1623.96,Month-to-month,DSL,Bank transfer,4,0,1,0,0
65,44.79,2830.8,One year,DSL,Credit card,2,0,0,0,0
27,87.67,2422.24,Month-to-month,Fiber optic,Credit card,3,0,1,1,1
6,86.57,558.95,One year,DSL,Bank transfer,5,0,1,0,1
34,79.63,2550.58,Month-to-month,No,Bank transfer,4,0,0,0,1
57,83.91,4710.63,Month-to-month,DSL,Electronic check,4,0,1,0,1
14,77.41,1025.57,One year,DSL,Credit card,3,0,0,1,1
33,120.88,3952.39,Month-to-month,DSL,Electronic check,1,1,1,0,1
10,67.82,540.64,One year,DSL,Electronic check,1,0,1,0,0
49,62.32,2990.99,Month-to-month,DSL,Credit card,0,0,1,1,0
34,51.16,1666.64,Two year,Fiber optic,Credit card,0,0,1,0,0
24,44.19,1137.8,Two year,DSL,Electronic check,4,0,0,0,1
17,38.89,742.01,Month-to-month,Fiber optic,Bank transfer,2,0,0,0,1
41,47.78,1944.4,One year,No,Mailed check,3,0,1,0,0
48,68.23,3235.98,Month-to-month,Fiber optic,Electronic check,1,0,1,1,1
67,78.36,5263.94,Month-to-month,Fiber optic,Electronic check,0,0,1,1,0
32,71.28,2199.26,Month-to-month,Fiber optic,Electronic check,3,0,0,1,1
12,50.86,495.66,Two year,DSL,Mailed check,4,0,1,1,0
60,92.5,5456.25,Two year,DSL,Mailed check,6,1,0,1,0
45,88.49,3918.36,Two year,No,Mailed check,0,0,0,0,0
50,66.01,3184.09,Two year,Fiber optic,Electronic check,0,0,1,0,0
7,53.68,391.95,Two year,DSL,Credit card,5,0,1,0,0
23,83.71,1998.32,Month-to-month,Fiber optic,Bank transfer,3,0,1,1,1
55,74.7,3949.75,Two year,Fiber optic,Credit card,4,0,1,1,0
60,33.8,2030.32,One year,Fiber optic,Electronic check,2,0,0,1,0
31,68.3,2095.32,Month-to-month,Fiber optic,Bank transfer,4,0,1,0,1
58,76.55,4474.1,One year,No,Credit card,1,0,1,0,0
60,47.51,2849.16,Month-to-month,Fiber optic,Electronic check,4,0,1,1,1
28,74.75,1947.53,Month-to-month,Fiber optic,Electronic check,1,0,0,0,1
64,33.63,2026.05,Month-to-month,DSL,Electronic check,2,0,0,0,1
21,103.4,2174.44,Month-to-month,DSL,Electronic check,3,0,0,0,1
18,101.2,1924.46,Month-to-month,No,Mailed check,2,0,0,0,1
49,63.69,2899.25,Two year,Fiber optic,Electronic check,3,0,0,0,1
46,79.09,3672.55,One year,Fiber optic,Electronic check,1,0,1,1,1
10,20.0,318.96,Month-to-month,Fiber optic,Bank transfer,2,0,1,1,0
60,41.09,2450.18,Month-to-month,DSL,Electronic check,3,1,0,0,0
15,62.66,994.85,Month-to-month,Fiber optic,Electronic check,3,0,1,0,1
58,43.2,2435.1,Month-to-month,DSL,Bank transfer,1,0,1,1,0
1,87.86,75.92,Two year,Fiber optic,Electronic check,4,0,1,0,1
57,119.93,6674.06,Month-to-month,Fiber optic,Electronic check,1,0,1,0,1
56,40.58,2038.31,One year,DSL,Electronic check,3,0,1,0,0
56,49.06,2841.83,One year,DSL,Electronic check,2,0,0,0,0
48,75.89,3544.04,One year,Fiber optic,Mailed check,1,1,0,0,0
34,110.28,3703.9,Two year,DSL,Electronic check,1,0,1,1,1
51,39.44,1872.83,Month-to-month,DSL,Electronic check,1,1,1,0,1
20,76.23,1383.52,Two year,Fiber optic,Credit card,2,0,1,0,1
56,115.53,6452.43,One year,Fiber optic,Credit card,2,0,1,0,1
40,28.71,1075.28,One year,Fiber optic,Electronic check,3,0,0,1,0
33,37.97,1290.92,One year,DSL,Electronic check,0,0,0,0,0
36,59.41,2184.01,Two year,No,Mailed check,1,0,1,0,0
41,56.99,2368.48,Two year,DSL,Credit card,1,0,0,0,0
3,90.32,294.81,Month-to-month,DSL,Credit card,4,0,1,1,1
10,76.04,918.19,Two year,DSL,Electronic check,1,0,1,1,0
18,25.63,354.51,One year,DSL,Electronic check,2,0,1,0,1
9,82.89,740.47,Month-to-month,DSL,Mailed check,1,0,0,0,0
32,55.56,1891.24,Two year,DSL,Credit card,1,0,1,0,0
48,101.86,5015.79,Month-to-month,DSL,Credit card,4,1,0,1,1
47,54.31,2410.41,One year,Fiber optic,Electronic check,0,0,1,1,0
34,54.08,1807.64,Month-to-month,No,Bank transfer,1,0,0,1,1
61,83.53,5231.04,Month-to-month,DSL,Electronic check,2,0,1,0,1
41,89.07,3702.81,Two year,DSL,Bank transfer,4,0,1,0,1
6,81.2,506.74,Month-to-month,No,Credit card,1,0,0,0,1
55,27.86,1510.54,Month-to-month,No,Mailed check,2,0,1,1,0
41,83.45,3383.11,Month-to-month,Fiber optic,Electronic check,2,0,0,0,1
46,44.14,2059.37,Month-to-month,DSL,Bank transfer,1,0,1,0,1
41,75.88,3085.92,Two year,Fiber optic,Mailed check,2,0,1,1,0
40,34.41,1372.01,Two year,DSL,Credit card,1,1,1,0,0
7,81.16,575.97,Month-to-month,DSL,Electronic check,1,1,0,1,1
40,49.84,1925.59,One year,Fiber optic,Credit card,4,0,1,0,1
57,37.93,2215.46,Month-to-month,Fiber optic,Electronic check,1,0,1,0,0
22,87.85,2224.03,One year,Fiber optic,Electronic check,0,0,1,0,1
43,76.04,3092.07,Month-to-month,Fiber optic,Electronic check,1,0,0,0,1
3,54.65,196.35,Month-to-month,DSL,Electronic check,3,0,0,1,1
25,106.28,2580.97,Month-to-month,DSL,Electronic check,2,0,1,0,1
32,58.98,1945.22,One year,Fiber optic,Bank transfer,3,0,0,0,0
70,70.8,4960.84,Month-to-month,No,Electronic check,2,0,0,0,0
16,76.72,1303.75,Month-to-month,DSL,Electronic check,1,0,1,1,1
20,54.51,1207.72,Two year,Fiber optic,Electronic check,2,1,0,1,1
30,81.78,2472.59,One year,DSL,Electronic check,3,1,1,1,1
71,56.66,4136.33,Month-to-month,DSL,Credit card,1,0,0,0,0
61,59.71,3407.82,Two year,Fiber optic,Credit card,3,0,1,0,0
3,104.07,471.24,Two year,DSL,Electronic check,2,0,1,0,1
17,43.99,785.26,Month-to-month,Fiber optic,Credit card,4,0,1,0,0
59,20.0,1287.78,One year,Fiber optic,Bank transfer,2,0,1,0,0
5,110.27,429.38,Month-to-month,DSL,Credit card,3,1,1,0,1
61,133.73,8074.65,One year,DSL,Electronic check,4,0,0,0,1
20,59.87,1211.96,Month-to-month,DSL,Electronic check,5,0,1,1,1
66,21.58,1422.51,One year,No,Mailed check,1,1,1,0,0
21,62.24,1335.3,Month-to-month,Fiber optic,Credit card,0,0,1,1,0
31,62.84,2056.63,Month-to-month,Fiber optic,Bank transfer,6,0,0,1,1
47,65.25,2890.32,Two year,DSL,Mailed check,0,0,0,0,0
9,42.17,476.87,Month-to-month,Fiber optic,Electronic check,1,0,1,0,1
40,84.49,3380.39,Two year,DSL,Bank transfer,0,0,1,1,1
36,83.11,2971.68,Two year,Fiber optic,Credit card,1,0,0,0,1
56,32.64,1680.72,Two year,Fiber optic,Mailed check,4,0,0,0,0
71,87.48,6261.38,Month-to-month,Fiber optic,Bank transfer,3,0,1,0,1
48,121.32,5581.81,Two year,DSL,Mailed check,0,0,0,1,1
30,74.3,2293.81,Month-to-month,DSL,Mailed check,2,0,1,1,0
29,61.57,1636.23,Month-to-month,DSL,Mailed check,1,1,0,1,0
30,66.45,1998.84,Two year,Fiber optic,Credit card,0,0,0,0,0
58,85.38,4940.21,One year,No,Credit card,4,0,0,0,0
23,26.73,731.82,Month-to-month,DSL,Mailed check,2,0,1,1,0
12,74.11,871.45,Month-to-month,Fiber optic,Electronic check,4,0,1,1,1
24,60.24,1376.31,Two year,Fiber optic,Mailed check,0,0,0,0,1
2,116.2,181.73,One year,DSL,Electronic check,1,1,0,1,1
8,65.65,652.45,Month-to-month,DSL,Electronic check,3,0,0,1,1
7,111.7,835.51,Two year,DSL,Electronic check,0,0,0,0,1
55,42.41,2293.79,Month-to-month,Fiber optic,Mailed check,0,0,1,0,0
52,84.68,4379.79,Month-to-month,Fiber optic,Electronic check,0,0,0,0,1
50,77.99,3742.53,One year,Fiber optic,Electronic check,4,0,1,1,1
33,48.27,1631.88,Two year,No,Credit card,1,0,0,0,1
51,74.43,3620.2,Month-to-month,Fiber optic,Electronic check,3,0,1,0,1
12,100.31,1278.94,Month-to-month,No,Bank transfer,1,0,0,0,1
64,61.91,3974.8,Month-to-month,Fiber optic,Credit card,1,0,0,1,1
36,27.7,1235.93,Two year,No,Bank transfer,0,0,0,1,0
67,69.56,4550.57,Month-to-month,Fiber optic,Electronic check,2,0,0,1,1
11,47.44,511.57,Month-to-month,Fiber optic,Electronic check,2,0,0,0,1
36,61.44,2391.72,Two year,Fiber optic,Bank transfer,2,0,1,0,0
50,67.96,3517.15,Month-to-month,No,Mailed check,1,0,0,0,0
36,27.36,915.29,One year,Fiber optic,Electronic check,0,0,0,0,0
32,29.61,969.87,Month-to-month,Fiber optic,Mailed check,2,0,0,0,1
12,82.05,984.82,Two year,Fiber optic,Mailed check,2,0,1,1,1
28,56.93,1622.29,Month-to-month,No,Electronic check,0,0,1,0,1
17,20.0,270.13,Month-to-month,Fiber optic,Bank transfer,4,0,1,0,1
22,89.62,1962.73,Month-to-month,Fiber optic,Electronic check,2,0,1,0,1
49,76.81,3603.85,One year,Fiber optic,Electronic check,1,0,1,1,0
45,52.15,2360.4,One year,No,Credit card,5,0,0,0,0
44,37.08,1676.49,Month-to-month,DSL,Electronic check,2,0,1,0,0
26,90.9,2340.53,Month-to-month,Fiber optic,Bank transfer,1,0,1,0,1
69,78.73,5271.12,Two year,Fiber optic,Mailed check,3,0,0,0,0
7,129.57,1005.81,Month-to-month,No,Electronic check,0,0,1,0,1
25,80.5,2049.07,Month-to-month,No,Credit card,1,0,0,0,1
9,79.69,644.63,One year,Fiber optic,Electronic check,0,0,0,1,1
25,65.83,1617.61,Month-to-month,Fiber optic,Electronic check,2,0,1,0,1
69,90.42,6088.87,Month-to-month,DSL,Credit card,0,0,0,0,1
27,85.63,2209.39,Month-to-month,No,Bank transfer,1,0,1,0,1
65,101.29,6530.27,Month-to-month,DSL,Bank transfer,0,0,1,0,0
36,56.97,2173.65,Month-to-month,Fiber optic,Electronic check,1,0,1,0,1
50,59.11,2891.79,One year,Fiber optic,Electronic check,2,0,0,0,1
33,58.02,1978.76,One year,Fiber optic,Bank transfer,1,0,1,1,0
19,89.77,1651.8,Month-to-month,DSL,Electronic check,2,1,1,1,1
55,107.46,5935.06,Two year,DSL,Electronic check,1,1,0,1,1
69,58.53,4024.36,Month-to-month,No,Credit card,1,0,0,0,0
19,59.38,1215.54,One year,Fiber optic,Electronic check,0,0,1,1,0
56,77.85,4306.23,Month-to-month,DSL,Electronic check,4,0,1,1,1
19,63.86,1056.01,One year,Fiber optic,Electronic check,5,0,0,0,1
51,93.8,4645.67,Month-to-month,DSL,Mailed check,1,0,0,0,1
57,20.0,1086.81,Month-to-month,No,Bank transfer,1,0,1,1,1
32,49.33,1453.73,Month-to-month,DSL,Credit card,0,0,0,1,0
53,50.44,2714.32,Month-to-month,DSL,Electronic check,3,0,0,0,0
20,20.0,353.42,Month-to-month,DSL,Electronic check,4,0,1,0,0
6,45.91,512.91,One year,Fiber optic,Mailed check,3,0,0,0,0
7,47.12,156.08,Two year,Fiber optic,Mailed check,2,0,0,0,0
32,64.97,2099.48,Month-to-month,Fiber optic,Mailed check,3,0,1,1,1
65,97.82,6245.77,Two year,Fiber optic,Credit card,1,0,1,0,1
10,63.87,589.39,One year,DSL,Mailed check,3,0,1,1,1
33,44.23,1473.72,Two year,DSL,Mailed check,3,0,0,1,0
50,68.58,3196.27,One year,DSL,Credit card,2,0,1,0,1
15,96.23,1467.12,One year,No,Electronic check,1,0,1,1,1
52,45.6,2561.54,Month-to-month,DSL,Credit card,0,0,1,1,0
22,47.24,993.84,One year,No,Mailed check,2,0,1,0,1
58,83.96,4895.88,Two year,DSL,Mailed check,3,0,1,0,0
42,64.46,2809.88,Month-to-month,DSL,Credit card,1,1,1,1,0
39,86.19,3344.9,Month-to-month,DSL,Mailed check,1,0,1,0,1
13,69.66,847.47,Month-to-month,DSL,Mailed check,1,0,0,0,0
33,87.54,2661.3,Two year,Fiber optic,Electronic check,0,0,1,0,0
61,44.12,2755.6,Month-to-month,Fiber optic,Bank transfer,1,0,1,0,0
2,69.7,128.08,One year,DSL,Bank transfer,3,0,0,0,1
54,64.73,3394.3,Two year,Fiber optic,Electronic check,1,1,0,0,1
35,39.6,1398.76,Two year,Fiber optic,Bank transfer,2,0,1,0,0
52,30.91,1549.11,Month-to-month,No,Bank transfer,1,0,0,0,0
48,87.14,4130.06,One year,No,Mailed check,1,0,1,1,1
31,61.23,1958.64,Two year,Fiber optic,Electronic check,1,0,1,0,1
22,44.44,843.91,Month-to-month,Fiber optic,Mailed check,2,0,0,1,1
45,67.6,3146.53,One year,Fiber optic,Electronic check,4,0,0,1,1
10,98.2,842.24,Month-to-month,Fiber optic,Electronic check,1,0,1,0,1
42,20.0,773.73,One year,Fiber optic,Mailed check,3,0,0,0,0
7,32.58,420.38,Month-to-month,DSL,Electronic check,1,0,1,0,1
47,46.93,2318.34,Month-to-month,Fiber optic,Electronic check,0,0,0,1,1
45,106.53,4803.59,Month-to-month,No,Bank transfer,1,0,1,0,0
6,77.06,368.34,Month-to-month,DSL,Electronic check,0,0,1,0,1
54,89.18,4762.95,Month-to-month,Fiber optic,Credit card,5,0,0,0,1
30,41.5,1252.21,One year,No,Credit card,3,1,1,0,1
56,42.01,2356.4,Month-to-month,DSL,Bank transfer,1,0,1,1,0
3,81.2,234.5,Month-to-month,Fiber optic,Credit card,1,0,0,1,1
13,71.46,925.86,One year,No,Credit card,1,0,0,0,1
36,83.72,2992.43,One year,No,Electronic check,0,1,1,0,1
14,65.31,770.12,Month-to-month,DSL,Bank transfer,3,0,1,0,1
24,76.95,1795.24,Two year,DSL,Electronic check,1,0,1,0,0
47,73.95,3567.25,Month-to-month,Fiber optic,Bank transfer,0,0,1,0,1
11,89.44,847.05,Two year,DSL,Mailed check,1,0,0,0,1
49,90.18,4399.63,Month-to-month,DSL,Electronic check,1,0,0,1,1
8,29.5,154.05,One year,DSL,Electronic check,0,0,1,0,0
13,20.0,271.14,Two year,DSL,Credit card,2,1,1,1,0
42,95.04,3952.97,Two year,Fiber optic,Electronic check,1,0,1,0,0
57,99.69,5830.25,One year,Fiber optic,Electronic check,2,0,0,0,1
13,44.48,628.96,One year,Fiber optic,Electronic check,0,0,1,0,0
22,23.5,385.91,Month-to-month,Fiber optic,Mailed check,4,1,1,0,1
66,72.48,4850.53,One year,Fiber optic,Credit card,5,0,0,0,0
71,93.27,6544.77,One year,DSL,Credit card,3,0,1,1,0
42,114.94,4769.77,Two year,DSL,Mailed check,2,0,1,1,1
32,82.91,2684.42,Month-to-month,DSL,Electronic check,1,0,0,1,1
25,60.71,1468.5,Month-to-month,DSL,Electronic check,1,0,0,0,1
44,47.67,2186.84,One year,DSL,Mailed check,4,0,0,0,1
42,70.29,2874.57,Month-to-month,DSL,Credit card,2,0,1,0,1
21,62.52,1250.99,Month-to-month,DSL,Bank transfer,3,1,0,1,1
2,44.62,23.61,Month-to-month,Fiber optic,Mailed check,2,1,0,1,1
11,121.22,1276.84,One year,Fiber optic,Bank transfer,2,0,0,0,1
69,114.63,8019.33,Month-to-month,No,Mailed check,1,0,0,1,1
30,98.4,3014.92,Month-to-month,Fiber optic,Bank transfer,3,0,0,0,1
35,46.98,1815.25,Month-to-month,Fiber optic,Mailed check,3,0,1,0,0
34,91.38,3333.53,Two year,DSL,Bank transfer,2,0,0,0,1
56,85.99,4712.41,One year,Fiber optic,Mailed check,1,0,0,0,1
5,81.06,412.36,Month-to-month,DSL,Credit card,5,0,0,1,1
6,101.24,489.83,Month-to-month,Fiber optic,Mailed check,5,0,0,1,1
20,85.88,1639.92,One year,Fiber optic,Electronic check,3,0,0,0,1
35,88.5,3034.5,Month-to-month,Fiber optic,Electronic check,3,0,1,0,1
48,85.92,4018.57,One year,DSL,Mailed check,2,0,1,0,1
35,78.52,2643.0,Month-to-month,Fiber optic,Mailed check,1,0,1,0,1
32,25.41,798.68,Two year,Fiber optic,Bank transfer,2,0,0,0,0
67,72.09,4708.39,Month-to-month,Fiber optic,Bank transfer,1,0,1,0,0
12,56.1,757.36,One year,Fiber optic,Electronic check,2,0,1,0,1
41,38.0,1466.39,Month-to-month,Fiber optic,Bank transfer,3,0,0,0,1
39,112.05,4650.73,Two year,DSL,Bank transfer,2,1,0,0,1
34,113.22,3804.51,Two year,Fiber optic,Mailed check,5,1,1,1,1
58,103.98,6038.07,One year,Fiber optic,Mailed check,2,1,0,0,0
19,76.38,1321.69,Month-to-month,DSL,Electronic check,2,1,0,0,1
68,103.77,7226.67,Month-to-month,DSL,Mailed check,2,0,1,0,0
24,70.3,1799.18,Two year,No,Credit card,3,1,0,1,0
39,75.07,2957.42,One year,Fiber optic,Credit card,2,1,1,0,1
37,42.66,1443.86,Month-to-month,Fiber optic,Bank transfer,1,0,0,0,0
61,79.92,4896.48,Month-to-month,Fiber optic,Electronic check,1,1,0,1,1
32,71.51,2176.17,Month-to-month,Fiber optic,Bank transfer,3,0,0,1,1
21,37.43,932.34,Two year,Fiber optic,Bank transfer,1,0,0,0,0
2,68.72,218.36,One year,DSL,Electronic check,4,1,1,0,1
26,68.01,1777.72,One year,Fiber optic,Credit card,1,0,1,1,1
59,114.94,6537.77,One year,Fiber optic,Electronic check,3,0,1,0,1
1,92.36,20.0,Month-to-month,DSL,Electronic check,2,0,1,0,1
64,70.29,4567.09,Month-to-month,Fiber optic,Electronic check,0,0,0,0,1
39,76.22,3093.86,Month-to-month,DSL,Electronic check,0,1,0,0,1
10,71.11,821.97,One year,Fiber optic,Credit card,2,1,0,0,1
22,64.93,1269.2,Month-to-month,Fiber optic,Mailed check,2,0,1,0,1
40,42.94,1747.73,Month-to-month,Fiber optic,Electronic check,3,1,1,0,1
23,66.22,1624.7,Month-to-month,Fiber optic,Mailed check,3,0,1,0,1
8,51.35,244.95,Month-to-month,No,Mailed check,4,1,1,0,1
48,38.74,1858.83,One year,Fiber optic,Electronic check,4,0,1,1,0
48,82.78,4000.85,Month-to-month,Fiber optic,Electronic check,2,0,0,0,1
9,79.78,687.96,Month-to-month,Fiber optic,Bank transfer,4,0,1,0,1
20,25.33,321.43,One year,DSL,Electronic check,2,0,1,0,0
18,66.93,1172.22,Month-to-month,DSL,Credit card,2,0,1,0,1
47,94.89,4427.22,Month-to-month,Fiber optic,Electronic check,4,0,0,0,1
52,96.48,5002.18,Month-to-month,DSL,Bank transfer,4,0,0,0,1
52,95.65,4917.24,Two year,Fiber optic,Credit card,0,0,1,1,1
67,70.97,4710.88,Month-to-month,Fiber optic,Electronic check,2,0,1,0,1
55,48.87,2684.09,One year,Fiber optic,Electronic check,2,0,1,1,0
23,42.91,1031.12,Two year,DSL,Credit card,5,0,1,1,1
8,78.62,598.48,One year,Fiber optic,Mailed check,0,0,0,0,0
44,79.48,3456.24,Month-to-month,Fiber optic,Bank transfer,4,0,0,0,1
66,102.18,6753.33,One year,Fiber optic,Electronic check,1,0,1,1,1
70,97.5,6632.87,Month-to-month,DSL,Electronic check,2,0,0,0,1
17,66.69,1181.51,Month-to-month,Fiber optic,Mailed check,3,0,1,1,1
17,38.89,661.16,Month-to-month,DSL,Credit card,2,0,1,1,1
3,62.02,190.04,Month-to-month,Fiber optic,Electronic check,1,0,0,0,1
11,75.43,925.81,Month-to-month,DSL,Credit card,3,0,0,1,1
40,64.95,2402.64,Month-to-month,No,Bank transfer,1,1,0,0,1
39,55.55,1969.17,Month-to-month,DSL,Electronic check,1,0,0,0,1
27,76.32,2088.08,Month-to-month,Fiber optic,Electronic check,2,0,1,0,1
23,57.4,1319.51,One year,DSL,Electronic check,2,0,0,0,1
59,54.3,3220.62,Two year,Fiber optic,Mailed check,0,0,0,1,1
33,77.79,2520.74,Month-to-month,Fiber optic,Bank transfer,1,0,0,1,1
58,59.95,3543.55,One year,Fiber optic,Mailed check,2,0,0,0,0
69,76.1,5344.34,Month-to-month,DSL,Electronic check,1,1,1,0,1
23,76.83,1815.49,Month-to-month,DSL,Bank transfer,3,1,1,0,1
15,41.51,596.63,Month-to-month,DSL,Bank transfer,1,0,1,0,1
68,57.97,3731.12,Month-to-month,No,Mailed check,0,0,1,0,0
46,105.94,4950.37,Month-to-month,Fiber optic,Bank transfer,4,0,0,0,0
21,40.95,982.08,Month-to-month,DSL,Electronic check,2,0,1,1,0
45,20.0,964.46,Month-to-month,No,Bank transfer,1,1,0,0,1
37,23.45,779.83,Month-to-month,DSL,Mailed check,2,0,1,0,1
65,70.73,4664.68,Month-to-month,Fiber optic,Mailed check,3,0,0,0,1
19,70.77,1430.74,Month-to-month,Fiber optic,Electronic check,1,0,0,0,1
71,67.06,4917.12,Month-to-month,No,Bank transfer,1,0,0,0,0
67,100.35,6636.16,Month-to-month,Fiber optic,Bank transfer,2,0,1,0,0
13,20.0,237.35,Month-to-month,Fiber optic,Electronic check,1,0,0,0,1
12,79.9,1033.51,Month-to-month,No,Credit card,4,0,1,1,1
38,109.04,4149.11,Month-to-month,DSL,Credit card,4,0,0,0,1
4,41.81,55.49,Month-to-month,No,Electronic check,3,1,1,0,1
22,60.5,1372.57,Two year,Fiber optic,Bank transfer,6,0,1,1,1
31,51.18,1644.37,Month-to-month,No,Mailed check,1,0,0,0,0
69,47.64,3296.05,Month-to-month,DSL,Credit card,0,0,0,1,0
71,61.84,4412.84,Month-to-month,DSL,Electronic check,3,0,0,0,1
11,105.69,1136.69,Two year,Fiber optic,Electronic check,4,1,1,0,1
64,115.93,7567.65,One year,Fiber optic,Mailed check,1,0,1,0,1
7,61.6,341.14,One year,Fiber optic,Electronic check,0,0,0,0,1
54,117.63,6293.1,Two year,No,Bank transfer,1,0,0,1,0
61,70.89,4325.35,Month-to-month,Fiber optic,Mailed check,0,0,0,0,0
64,113.84,7373.8,Two year,DSL,Electronic check,1,1,0,1,0
16,67.67,932.94,Month-to-month,Fiber optic,Mailed check,1,0,1,1,1
64,73.28,4558.66,One year,DSL,Credit card,2,0,0,1,1
9,79.14,508.46,Month-to-month,DSL,Credit card,0,0,0,1,1
37,149.47,5533.71,Month-to-month,DSL,Mailed check,2,0,1,0,1
34,91.28,2991.76,Two year,Fiber optic,Electronic check,0,0,1,0,0
23,52.32,1164.87,Month-to-month,Fiber optic,Electronic check,1,0,1,1,1
2,94.22,254.59,Two year,Fiber optic,Credit card,2,0,0,0,1
55,60.95,3288.33,Month-to-month,Fiber optic,Bank transfer,2,0,1,0,1
24,57.76,1409.28,One year,Fiber optic,Bank transfer,0,0,1,0,0
47,92.72,4327.67,Two year,Fiber optic,Credit card,1,0,1,0,1
30,70.78,2190.53,Month-to-month,No,Electronic check,3,0,0,1,1
27,76.96,2125.55,Two year,Fiber optic,Bank transfer,2,0,1,0,0
63,70.35,4362.83,One year,Fiber optic,Electronic check,3,0,1,0,1
7,78.41,532.04,One year,Fiber optic,Electronic check,0,0,1,1,1
53,80.62,4377.45,Month-to-month,Fiber optic,Mailed check,3,0,1,0,1
54,21.58,1204.43,Month-to-month,No,Mailed check,2,0,1,1,0
27,86.66,2200.24,One year,Fiber optic,Credit card,1,0,1,0,1
19,45.45,929.1,Month-to-month,Fiber optic,Electronic check,0,0,1,0,0
1,33.94,20.0,Month-to-month,DSL,Credit card,0,0,0,0,0
67,68.54,4733.41,Month-to-month,Fiber optic,Bank transfer,4,1,0,0,1
68,72.1,5005.18,Two year,Fiber optic,Bank transfer,2,0,1,0,0
18,52.66,976.91,Month-to-month,Fiber optic,Credit card,4,0,1,0,1
3,90.78,288.05,One year,Fiber optic,Mailed check,1,1,1,0,1
9,36.45,307.11,Two year,DSL,Mailed check,3,0,1,0,1
5,59.83,366.98,Month-to-month,No,Electronic check,1,0,1,0,1
60,55.38,3285.61,Month-to-month,DSL,Electronic check,2,0,1,0,1
64,68.84,4429.02,One year,No,Credit card,3,0,0,1,0
11,76.97,933.88,Month-to-month,DSL,Mailed check,2,0,1,1,1
54,44.8,2363.16,One year,Fiber optic,Electronic check,4,0,0,1,1
13,88.11,1083.77,One year,Fiber optic,Electronic check,1,0,1,0,1
27,71.58,1813.09,One year,Fiber optic,Mailed check,4,0,1,0,0
43,22.7,869.71,Month-to-month,DSL,Bank transfer,0,0,0,0,0
52,21.04,910.99,One year,No,Electronic check,3,0,0,1,1
63,69.69,4463.58,One year,Fiber optic,Credit card,1,0,0,1,1
4,64.48,438.79,Month-to-month,Fiber optic,Bank transfer,2,0,1,0,1
14,67.41,1086.34,One year,Fiber optic,Credit card,2,0,0,0,1
20,69.3,1223.4,Two year,DSL,Electronic check,2,1,0,1,0
23,75.64,1812.18,One year,Fiber optic,Bank transfer,2,0,1,0,1
71,93.69,6794.29,Month-to-month,DSL,Electronic check,1,0,0,0,0
56,42.22,2318.77,Month-to-month,DSL,Mailed check,2,0,1,0,0
23,40.7,946.26,Month-to-month,Fiber optic,Bank transfer,5,0,1,1,0
69,42.67,2743.23,Month-to-month,Fiber optic,Bank transfer,2,0,0,0,1
36,77.22,2806.7,Month-to-month,DSL,Electronic check,2,0,0,0,1
36,101.12,3534.1,Two year,DSL,Credit card,2,0,1,0,1
31,59.22,1855.68,Month-to-month,DSL,Electronic check,4,0,1,0,1
11,20.0,63.88,Two year,DSL,Bank transfer,1,1,0,1,0
67,27.4,1890.1,Month-to-month,Fiber optic,Credit card,3,0,1,1,0
1,49.17,151.63,Month-to-month,DSL,Mailed check,1,0,1,0,0
13,56.06,650.42,Month-to-month,No,Credit card,0,0,0,0,0
17,59.79,902.74,Month-to-month,DSL,Bank transfer,0,0,1,1,1
20,70.96,1203.69,One year,DSL,Credit card,0,0,1,1,0
10,62.21,595.42,Two year,No,Bank transfer,3,1,0,0,1
2,96.23,134.31,Two year,DSL,Bank transfer,0,0,1,0,0
49,53.1,2446.78,Month-to-month,Fiber optic,Electronic check,3,1,0,0,1
69,48.44,3387.8,One year,No,Bank transfer,0,0,0,1,0
9,81.97,692.75,Month-to-month,No,Electronic check,3,0,0,0,0
22,31.61,587.82,Two year,Fiber optic,Credit card,0,0,1,0,0
36,79.74,2815.27,Month-to-month,DSL,Electronic check,3,1,1,1,1
66,72.56,4896.34,Month-to-month,Fiber optic,Electronic check,4,0,1,0,1
50,66.31,3375.99,Month-to-month,No,Credit card,2,0,0,1,0
55,109.71,6020.88,Month-to-month,No,Electronic check,3,0,1,0,1
42,54.44,2348.59,Month-to-month,DSL,Mailed check,3,0,1,0,0
30,121.51,3529.13,Two year,Fiber optic,Bank transfer,2,0,0,1,1
15,64.36,968.7,One year,DSL,Electronic check,3,0,0,1,1
62,38.07,2375.36,Two year,DSL,Electronic check,3,0,1,1,0
58,71.75,4114.4,Month-to-month,Fiber optic,Mailed check,4,0,0,1,1
2,43.09,129.73,One year,DSL,Electronic check,1,0,1,0,0
51,51.21,2533.47,Month-to-month,DSL,Electronic check,1,0,1,0,0
6,79.93,530.54,Month-to-month,DSL,Electronic check,2,0,0,0,1
53,83.89,4501.33,Month-to-month,Fiber optic,Mailed check,5,0,1,1,1
59,54.45,2920.59,Month-to-month,DSL,Electronic check,1,0,1,0,0
10,94.69,1065.88,One year,Fiber optic,Electronic check,1,1,1,1,0
31,98.94,2762.31,Month-to-month,DSL,Bank transfer,1,0,1,1,0
9,105.91,891.56,Month-to-month,No,Bank transfer,1,0,1,1,1
41,83.24,3515.18,One year,DSL,Electronic check,0,0,1,1,1
66,104.09,6837.93,Month-to-month,Fiber optic,Electronic check,4,0,0,0,1
6,22.98,20.0,Two year,DSL,Credit card,2,0,0,0,1
29,62.05,1690.14,Month-to-month,DSL,Bank transfer,4,0,0,1,1
70,48.32,3485.43,Two year,DSL,Mailed check,2,0,1,0,0
22,72.98,1413.42,One year,DSL,Mailed check,1,0,1,0,0
10,55.71,670.04,One year,DSL,Electronic check,6,0,0,1,1
35,65.85,2299.1,One year,Fiber optic,Credit card,1,0,1,0,0
37,117.05,4211.77,Two year,Fiber optic,Credit card,1,0,0,0,1
48,65.76,3098.02,One year,DSL,Credit card,3,0,0,0,0
23,80.34,1746.21,Month-to-month,Fiber optic,Electronic check,2,0,0,0,1
68,64.19,4451.76,Month-to-month,Fiber optic,Electronic check,1,0,1,1,1
37,71.89,2733.28,One year,DSL,Electronic check,1,1,0,0,1
21,70.15,1301.24,Month-to-month,Fiber optic,Electronic check,0,0,1,0,1
69,81.21,5563.0,Month-to-month,DSL,Electronic check,2,1,1,0,0
66,99.13,6456.44,Month-to-month,DSL,Bank transfer,2,0,0,1,1
36,111.18,4132.01,Month-to-month,Fiber optic,Electronic check,1,1,1,1,1
2,77.74,20.47,Month-to-month,No,Credit card,4,0,0,0,1
43,84.74,3804.19,One year,No,Electronic check,1,0,1,0,0
40,41.23,1645.81,One year,No,Electronic check,1,0,0,0,0
11,67.8,629.64,Two year,Fiber optic,Credit card,2,0,1,0,1
46,93.51,4233.61,Month-to-month,DSL,Bank transfer,0,1,1,0,1
60,91.65,5418.79,Month-to-month,DSL,Mailed check,5,0,0,0,1
8,75.29,474.86,One year,DSL,Bank transfer,2,0,0,0,0
52,92.16,4801.79,Month-to-month,DSL,Electronic check,2,0,0,0,1
10,82.27,699.9,One year,DSL,Electronic check,1,0,0,0,1
54,100.01,5182.38,Month-to-month,Fiber optic,Mailed check,0,0,1,0,1
30,77.23,2279.05,Two year,DSL,Mailed check,1,1,1,0,0
1,61.11,20.0,Month-to-month,DSL,Bank transfer,3,0,1,1,1
69,78.4,5334.11,Two year,Fiber optic,Electronic check,2,0,1,0,1
12,20.0,149.09,One year,Fiber optic,Bank transfer,5,0,1,0,0
43,79.57,3334.48,Month-to-month,No,Credit card,5,1,1,1,1
13,20.0,460.1,One year,DSL,Electronic check,2,0,0,0,1
67,26.91,1808.84,Month-to-month,Fiber optic,Electronic check,3,0,0,1,1
53,81.29,4333.13,One year,DSL,Mailed check,1,1,0,0,1
58,81.94,4574.78,One year,Fiber optic,Credit card,2,0,0,1,0
31,40.94,1203.72,Month-to-month,DSL,Bank transfer,3,0,0,0,0
34,52.2,1796.24,Month-to-month,DSL,Bank transfer,5,0,0,0,1
46,104.26,4693.67,One year,Fiber optic,Mailed check,2,0,0,1,1
56,57.9,3333.16,Month-to-month,DSL,Electronic check,2,1,0,1,0
61,126.07,7570.18,Two year,DSL,Mailed check,7,1,0,0,1
2,69.95,111.27,One year,No,Electronic check,3,0,0,1,1
48,80.2,3791.04,One year,DSL,Bank transfer,3,1,0,0,0
8,110.42,899.81,Month-to-month,Fiber optic,Electronic check,1,0,1,1,1
21,73.28,1474.74,One year,Fiber optic,Electronic check,1,1,1,1,1
59,44.94,2624.45,Two year,DSL,Mailed check,2,0,1,0,0
18,67.26,1187.01,Month-to-month,Fiber optic,Mailed check,3,0,0,1,1
57,69.11,3865.82,Month-to-month,DSL,Bank transfer,2,0,0,1,1
33,35.88,1232.6,Month-to-month,Fiber optic,Mailed check,0,0,0,1,0
17,63.6,1105.11,Month-to-month,DSL,Credit card,2,0,0,0,1
24,51.45,1225.82,One year,DSL,Credit card,5,0,0,1,0
38,93.11,3495.09,Month-to-month,DSL,Credit card,2,0,1,0,0
55,70.87,3977.25,One year,No,Bank transfer,0,0,0,0,0
44,62.93,2745.34,Month-to-month,Fiber optic,Bank transfer,0,0,0,1,1
67,67.35,4481.48,Month-to-month,No,Bank transfer,0,0,1,0,1
62,75.58,4696.31,Month-to-month,Fiber optic,Mailed check,2,0,1,1,1
54,85.42,4782.36,Two year,Fiber optic,Electronic check,5,1,0,0,1
43,45.01,1801.27,One year,Fiber optic,Bank transfer,5,0,0,0,1
21,43.96,1000.15,Month-to-month,No,Electronic check,1,1,1,1,1
30,97.62,2739.19,One year,Fiber optic,Electronic check,0,1,0,0,1
9,59.69,558.95,Month-to-month,Fiber optic,Credit card,1,0,1,0,0
27,34.58,1091.14,Month-to-month,Fiber optic,Electronic check,1,0,1,0,0
66,81.1,5401.16,Month-to-month,Fiber optic,Mailed check,3,0,0,0,1
31,81.58,2546.17,Two year,DSL,Bank transfer,0,0,1,0,0
9,31.73,229.54,One year,Fiber optic,Electronic check,0,0,0,0,1
47,75.74,3562.75,One year,DSL,Credit card,4,1,0,1,1
69,88.39,6073.67,Month-to-month,Fiber optic,Electronic check,0,1,0,1,1
62,79.36,4841.7,Month-to-month,Fiber optic,Credit card,2,0,1,1,1
20,85.8,1687.0,One year,Fiber optic,Credit card,2,0,0,0,1
33,34.89,1171.32,Month-to-month,Fiber optic,Electronic check,1,0,0,1,0
38,78.28,2897.77,Two year,Fiber optic,Electronic check,0,0,1,0,0
18,62.43,1043.19,One year,DSL,Electronic check,1,1,0,1,1
20,57.93,1022.58,Month-to-month,No,Mailed check,0,0,1,0,0
17,91.76,1599.06,One year,Fiber optic,Electronic check,4,0,1,1,1
71,106.98,7650.24,Two year,DSL,Credit card,0,0,1,0,0
53,114.86,6110.71,Month-to-month,DSL,Electronic check,3,1,1,0,1
60,102.87,6268.73,One year,DSL,Credit card,2,0,1,1,1
58,67.26,3909.67,Two year,Fiber optic,Electronic check,2,1,0,0,1
69,78.82,5477.64,Month-to-month,Fiber optic,Credit card,1,0,1,1,0
8,89.17,743.75,Two year,No,Electronic check,2,0,1,1,0
63,73.03,4591.7,Month-to-month,Fiber optic,Mailed check,2,1,1,0,1
5,73.27,313.26,One year,Fiber optic,Bank transfer,0,0,1,0,1
34,90.59,3301.61,One year,Fiber optic,Electronic check,1,0,1,0,1
43,68.52,2901.08,One year,Fiber optic,Credit card,4,0,1,1,0
26,51.77,1279.38,Month-to-month,Fiber optic,Electronic check,2,0,0,1,1
11,59.64,699.42,One year,DSL,Mailed check,2,0,1,0,1
14,85.85,1227.05,Month-to-month,No,Mailed check,1,0,1,1,0
59,70.07,3993.94,Month-to-month,Fiber optic,Bank transfer,1,0,1,0,1
23,78.51,1917.89,Month-to-month,Fiber optic,Electronic check,4,0,0,0,1
23,86.75,1985.88,One year,No,Electronic check,3,0,1,1,1
66,60.63,3890.42,Month-to-month,Fiber optic,Electronic check,1,0,1,1,1
11,88.91,1096.85,Month-to-month,DSL,Electronic check,4,0,0,0,1
65,79.47,5228.19,Two year,Fiber optic,Electronic check,1,1,1,0,1
66,39.13,2456.1,Month-to-month,DSL,Credit card,1,0,1,0,0
43,106.06,4738.2,Month-to-month,Fiber optic,Mailed check,0,0,0,0,1
12,57.48,755.66,Month-to-month,DSL,Bank transfer,1,0,0,0,1
12,28.62,342.45,Month-to-month,Fiber optic,Mailed check,1,1,1,1,1
21,43.87,1080.37,One year,No,Electronic check,1,0,0,0,0
41,44.47,1839.36,Month-to-month,DSL,Mailed check,2,1,1,0,1
11,71.3,781.54,Month-to-month,Fiber optic,Electronic check,2,1,0,1,1
33,63.15,2018.04,Two year,Fiber optic,Electronic check,4,0,0,0,1
9,61.58,612.4,Two year,Fiber optic,Mailed check,2,1,0,0,0
39,85.49,3381.87,One year,DSL,Mailed check,1,0,1,1,0
2,78.5,158.46,Two year,DSL,Credit card,4,1,1,0,1
51,77.9,3893.96,Two year,Fiber optic,Electronic check,2,1,1,0,1
4,80.25,333.98,Month-to-month,Fiber optic,Mailed check,2,1,1,0,1
14,85.4,1188.67,One year,Fiber optic,Electronic check,1,0,1,0,1
13,20.0,126.65,One year,DSL,Electronic check,1,0,0,0,1
60,60.89,3506.16,Month-to-month,Fiber optic,Bank transfer,2,0,1,0,1
4,20.0,136.52,Month-to-month,Fiber optic,Electronic check,3,0,1,0,1
31,70.9,1937.76,Month-to-month,DSL,Bank transfer,4,0,0,1,1
42,69.88,2955.68,One year,Fiber optic,Mailed check,5,0,1,0,0
37,96.14,3509.31,One year,DSL,Electronic check,3,0,0,0,1
49,99.69,5015.68,One year,Fiber optic,Credit card,1,0,0,0,1
58,75.07,4304.68,Month-to-month,No,Mailed check,4,0,1,1,0
28,57.49,1675.7,Month-to-month,Fiber optic,Credit card,2,0,1,0,1
59,82.13,4805.92,Month-to-month,Fiber optic,Mailed check,0,0,0,1,1
23,56.8,1317.82,Month-to-month,DSL,Credit card,3,0,1,0,1
70,69.97,4971.25,Two year,DSL,Electronic check,1,0,0,1,0
36,94.65,3361.27,Two year,DSL,Mailed check,0,0,1,0,1
53,56.06,3070.61,Two year,Fiber optic,Credit card,3,0,1,0,0
63,90.14,5579.57,Two year,Fiber optic,Electronic check,2,0,0,0,0
57,86.94,4984.76,Two year,DSL,Mailed check,0,0,1,0,0
61,46.13,2906.21,Month-to-month,DSL,Credit card,1,0,1,1,0
39,94.35,3745.55,Month-to-month,DSL,Bank transfer,1,0,1,0,0
4,87.46,541.5,Month-to-month,Fiber optic,Bank transfer,2,0,0,0,1
36,72.55,2535.39,Month-to-month,Fiber optic,Bank transfer,4,0,0,0,1
13,50.94,524.33,Month-to-month,Fiber optic,Credit card,4,0,1,1,1
64,48.52,3005.84,Month-to-month,No,Credit card,0,0,1,0,1
17,56.56,1027.54,Two year,DSL,Bank transfer,3,0,1,1,1
17,83.56,1470.39,Month-to-month,Fiber optic,Electronic check,0,0,1,1,1
18,46.11,840.19,Two year,Fiber optic,Electronic check,1,0,1,0,1
46,80.94,3610.84,One year,DSL,Bank transfer,4,0,0,1,1
41,38.96,1673.89,One year,No,Credit card,0,0,1,0,0
68,64.9,4290.61,One year,DSL,Mailed check,3,0,1,0,0
30,72.74,2298.13,Month-to-month,Fiber optic,Electronic check,1,0,0,0,1
21,131.13,3039.44,One year,Fiber optic,Electronic check,1,0,0,0,1
4,35.57,178.91,Month-to-month,No,Mailed check,1,0,1,0,0
1,106.8,165.11,Two year,Fiber optic,Credit card,0,0,1,0,1
27,73.75,1941.86,Month-to-month,DSL,Electronic check,1,0,1,1,1
66,80.28,5117.41,Month-to-month,Fiber optic,Bank transfer,2,0,0,0,1
38,72.96,2712.16,One year,Fiber optic,Credit card,1,0,1,0,0
64,81.12,5082.27,One year,Fiber optic,Credit card,3,0,0,0,0
8,66.16,384.56,Month-to-month,Fiber optic,Electronic check,3,1,0,0,1
7,106.35,916.69,One year,DSL,Credit card,5,0,1,1,1
60,58.59,3542.58,Month-to-month,Fiber optic,Bank transfer,3,0,1,0,1
8,98.31,824.42,One year,No,Credit card,3,0,1,0,1
4,53.89,184.66,Month-to-month,DSL,Electronic check,3,0,1,0,1
29,68.49,1969.03,Month-to-month,Fiber optic,Mailed check,3,0,1,1,1
66,43.2,2947.72,Month-to-month,No,Bank transfer,1,0,0,0,0
49,81.38,3984.17,Month-to-month,Fiber optic,Electronic check,3,0,0,1,1
8,106.13,902.09,Month-to-month,No,Mailed check,2,0,1,0,1
60,68.07,4064.37,Month-to-month,Fiber optic,Bank transfer,2,0,1,0,1
60,65.08,3870.46,Month-to-month,No,Bank transfer,3,0,0,0,1
57,42.13,2260.98,Month-to-month,DSL,Electronic check,1,1,0,0,0
65,64.27,3979.62,Month-to-month,Fiber optic,Mailed check,1,0,0,0,1
18,30.18,517.09,Month-to-month,Fiber optic,Electronic check,3,0,0,0,1
70,47.18,3308.11,One year,Fiber optic,Credit card,1,0,1,0,0
23,75.67,1611.79,Two year,No,Credit card,1,0,0,0,0
57,102.98,5866.15,Month-to-month,Fiber optic,Electronic check,1,1,0,0,1
42,140.23,5895.05,Two year,Fiber optic,Electronic check,3,0,1,0,1
56,55.34,2883.18,Month-to-month,Fiber optic,Electronic check,5,0,1,0,1
45,105.88,4673.2,Month-to-month,Fiber optic,Mailed check,2,0,1,0,1
46,76.09,3541.04,One year,Fiber optic,Credit card,1,1,0,0,1
44,66.22,2952.33,One year,DSL,Mailed check,2,0,0,1,0
56,80.81,4410.26,Two year,Fiber optic,Electronic check,2,1,0,0,1
53,71.55,3807.88,Month-to-month,No,Electronic check,3,1,0,0,1
10,72.76,829.84,One year,Fiber optic,Electronic check,1,0,0,0,0
59,59.79,3605.42,Month-to-month,Fiber optic,Credit card,0,1,0,1,0
39,35.05,1357.31,Month-to-month,Fiber optic,Bank transfer,3,1,0,0,0
23,31.41,675.62,Month-to-month,Fiber optic,Bank transfer,2,0,0,0,1
37,86.33,3131.32,Two year,DSL,Electronic check,1,0,1,0,0
69,63.08,4399.47,Month-to-month,Fiber optic,Credit card,3,0,0,0,1
61,55.1,3380.47,Two year,Fiber optic,Electronic check,3,0,0,1,1
60,70.21,4275.7,One year,DSL,Credit card,3,0,1,0,0
33,89.87,2979.01,One year,DSL,Credit card,0,0,0,0,0
56,74.51,4254.39,One year,Fiber optic,Mailed check,2,0,1,0,0
28,53.6,1510.22,Two year,Fiber optic,Credit card,1,0,1,1,1
49,100.66,5010.68,Month-to-month,Fiber optic,Electronic check,0,0,1,1,0
46,109.48,5123.15,Month-to-month,DSL,Bank transfer,0,0,0,1,1
18,82.36,1402.1,One year,Fiber optic,Electronic check,2,0,1,1,1
19,94.34,1611.68,Month-to-month,Fiber optic,Mailed check,2,0,1,1,1
5,101.05,659.59,Month-to-month,Fiber optic,Electronic check,1,0,0,0,1
10,98.25,1008.19,Month-to-month,Fiber optic,Electronic check,5,0,0,0,1
31,85.35,2474.48,Month-to-month,DSL,Electronic check,0,0,0,0,1
34,84.96,2817.21,Month-to-month,No,Electronic check,1,1,1,0,1
12,82.99,1073.09,Month-to-month,DSL,Bank transfer,4,0,0,1,1
30,42.57,1249.03,Two year,Fiber optic,Mailed check,2,0,0,0,0
43,87.52,3712.07,Month-to-month,DSL,Electronic check,0,0,1,0,1
17,36.1,753.87,Two year,Fiber optic,Credit card,3,0,1,0,0
25,50.14,1148.65,Two year,DSL,Credit card,2,0,0,0,0
27,102.59,2690.09,Month-to-month,No,Electronic check,0,0,0,0,1
36,91.01,3297.34,One year,Fiber optic,Mailed check,2,0,0,0,1
27,107.18,2933.04,One year,Fiber optic,Bank transfer,0,0,1,0,1
53,63.21,3399.67,One year,DSL,Bank transfer,1,0,1,0,0
24,41.19,1079.77,Month-to-month,DSL,Mailed check,0,0,1,0,1
31,63.99,2003.52,Month-to-month,Fiber optic,Bank transfer,3,0,0,0,1
27,72.55,2007.81,Month-to-month,Fiber optic,Electronic check,1,1,0,1,1
13,71.97,909.75,One year,Fiber optic,Electronic check,3,0,0,0,1
49,98.34,4825.03,Two year,No,Bank transfer,2,1,0,0,1
17,60.97,1047.21,One year,Fiber optic,Bank transfer,0,0,1,1,1
22,78.8,1755.13,One year,No,Credit card,3,0,1,1,0
57,45.28,2658.46,Two year,DSL,Electronic check,2,0,0,0,0
68,81.26,5581.05,One year,Fiber optic,Electronic check,3,0,1,0,0
48,70.08,3368.15,Month-to-month,Fiber optic,Electronic check,2,0,0,0,1
66,51.25,3301.9,Two year,Fiber optic,Electronic check,0,1,1,1,0
61,64.1,3917.13,Month-to-month,No,Electronic check,1,0,0,0,1
35,65.4,2286.04,Month-to-month,Fiber optic,Mailed check,2,0,1,1,0
55,63.25,3497.85,Month-to-month,No,Mailed check,2,0,0,1,0
24,114.28,2963.46,Two year,Fiber optic,Bank transfer,4,0,1,0,1
33,67.54,2176.4,Month-to-month,DSL,Mailed check,0,0,1,0,0
39,63.9,2534.43,Month-to-month,Fiber optic,Electronic check,1,0,1,1,0
69,20.0,1486.85,Month-to-month,Fiber optic,Bank transfer,1,0,1,1,0
61,47.64,2916.13,Month-to-month,No,Electronic check,4,0,0,1,1
35,63.42,2453.6,Month-to-month,Fiber optic,Credit card,0,0,1,0,1
47,52.85,2446.32,One year,DSL,Electronic check,3,0,0,1,1
15,104.54,1600.55,Two year,DSL,Mailed check,1,0,1,1,1
58,65.88,3740.96,Month-to-month,DSL,Credit card,1,0,0,1,0
40,102.21,4053.29,Month-to-month,Fiber optic,Bank transfer,5,1,0,0,1
38,71.54,2743.51,Month-to-month,DSL,Bank transfer,3,1,1,0,1
55,70.93,3985.82,Month-to-month,Fiber optic,Bank transfer,2,0,0,0,1
45,67.78,3082.01,One year,Fiber optic,Electronic check,1,0,1,1,1
6,70.09,546.48,One year,Fiber optic,Bank transfer,2,0,0,1,1
21,112.97,2362.87,One year,DSL,Credit card,2,0,1,0,1
13,20.0,226.78,Month-to-month,Fiber optic,Credit card,2,0,1,0,1
53,20.0,1330.4,One year,DSL,Mailed check,1,0,1,0,0
3,56.42,208.69,Month-to-month,No,Electronic check,5,0,0,0,0
15,70.36,983.5,Month-to-month,DSL,Credit card,2,1,0,1,1
43,87.25,3682.44,Two year,DSL,Mailed check,1,0,0,0,1
50,81.83,3997.09,One year,DSL,Electronic check,3,1,0,0,1
36,60.39,2267.84,Two year,Fiber optic,Electronic check,3,0,1,1,1
62,95.48,5883.08,Two year,DSL,Electronic check,1,0,0,0,1
66,95.75,6332.56,One year,Fiber optic,Mailed check,2,0,0,0,1
10,74.6,739.66,Two year,Fiber optic,Electronic check,5,0,0,0,1
68,94.07,6469.67,Month-to-month,Fiber optic,Electronic check,3,0,1,0,1
44,76.82,3295.24,Month-to-month,DSL,Electronic check,5,0,0,0,1
46,55.96,2466.74,Month-to-month,DSL,Credit card,0,0,0,0,0
7,87.45,634.55,Month-to-month,Fiber optic,Electronic check,0,0,1,0,1
45,72.77,3334.54,Month-to-month,DSL,Electronic check,2,0,0,0,1
52,70.03,3675.0,Month-to-month,Fiber optic,Mailed check,1,0,1,0,1
42,106.82,4405.66,One year,Fiber optic,Electronic check,3,0,0,0,1
6,20.0,187.75,One year,Fiber optic,Credit card,0,0,1,0,0
38,34.56,1238.81,One year,DSL,Credit card,0,0,1,0,0
67,40.32,2649.5,Month-to-month,Fiber optic,Mailed check,1,0,1,0,1
52,60.92,3073.37,One year,DSL,Mailed check,3,0,1,1,1
10,63.63,766.46,Month-to-month,Fiber optic,Mailed check,0,1,1,0,1
69,32.32,2293.21,Month-to-month,DSL,Electronic check,2,0,0,0,0
69,45.37,3191.1,Month-to-month,No,Electronic check,3,0,1,0,1
13,48.48,754.95,Month-to-month,Fiber optic,Electronic check,1,0,1,0,1
57,131.44,7773.09,Month-to-month,DSL,Electronic check,0,1,1,0,1
29,115.04,3165.34,Two year,DSL,Bank transfer,0,0,1,0,1
43,59.71,2493.53,One year,DSL,Electronic check,3,0,0,0,0
32,60.91,1887.52,One year,DSL,Electronic check,3,0,0,1,1
56,41.27,2226.03,Month-to-month,DSL,Mailed check,4,0,0,0,0
71,22.3,1475.31,Two year,No,Mailed check,1,1,0,0,0
57,67.08,3793.48,One year,Fiber optic,Electronic check,1,0,0,1,0
67,45.05,2896.94,Month-to-month,DSL,Electronic check,5,0,0,0,0
68,67.88,4649.26,One year,Fiber optic,Electronic check,1,0,1,0,1
7,29.99,215.13,Month-to-month,DSL,Electronic check,2,0,1,0,1
18,50.95,965.21,Month-to-month,No,Credit card,0,0,1,0,0
52,73.72,3883.99,Month-to-month,DSL,Credit card,1,1,1,1,0
42,79.16,3384.82,Month-to-month,Fiber optic,Mailed check,2,1,0,0,1
4,80.44,284.41,Month-to-month,Fiber optic,Mailed check,2,0,0,0,0
7,36.99,471.03,Month-to-month,DSL,Bank transfer,3,0,1,1,0
37,91.37,3404.03,Month-to-month,DSL,Bank transfer,5,1,1,0,1
44,49.99,2013.52,Two year,Fiber optic,Electronic check,5,0,1,0,1
12,85.82,929.62,Month-to-month,No,Electronic check,4,0,1,0,1
13,69.73,732.49,Month-to-month,Fiber optic,Mailed check,4,0,1,0,1
10,35.59,357.64,Month-to-month,Fiber optic,Bank transfer,3,0,1,0,1
41,62.1,2533.72,Two year,Fiber optic,Electronic check,3,1,1,0,1
1,79.13,32.29,One year,Fiber optic,Electronic check,1,1,1,0,1
41,85.32,3699.38,Two year,Fiber optic,Electronic check,1,0,0,1,1
34,66.48,2315.06,Month-to-month,Fiber optic,Electronic check,0,0,0,0,0
34,108.29,3754.62,Month-to-month,Fiber optic,Mailed check,2,0,0,1,1
49,95.19,4571.09,One year,DSL,Bank transfer,5,0,1,0,1
38,63.58,2316.26,Month-to-month,No,Mailed check,0,0,1,1,1
52,88.75,4618.84,Two year,DSL,Electronic check,3,0,0,0,1
55,118.34,6526.27,Two year,DSL,Electronic check,0,1,0,1,1
66,119.01,7669.17,Month-to-month,Fiber optic,Credit card,4,0,1,1,0
57,39.3,2222.07,Two year,DSL,Mailed check,0,0,0,0,0
37,46.84,1734.36,One year,DSL,Electronic check,1,0,1,0,0
35,107.12,3727.79,Month-to-month,DSL,Electronic check,2,0,0,1,1
17,43.54,658.89,Month-to-month,Fiber optic,Credit card,1,0,0,1,0
43,36.94,1534.31,Month-to-month,Fiber optic,Credit card,2,1,0,0,0
10,57.85,560.77,Two year,DSL,Credit card,1,0,0,1,1
67,80.51,5402.96,Month-to-month,DSL,Bank transfer,5,0,0,0,1
60,67.44,4106.88,Month-to-month,Fiber optic,Mailed check,2,0,0,0,1
9,53.74,591.71,One year,No,Mailed check,3,0,0,0,0
56,53.14,2946.67,Month-to-month,DSL,Electronic check,3,0,0,1,0
9,52.19,424.11,Month-to-month,No,Bank transfer,6,0,1,0,1
52,48.01,2540.4,One year,No,Bank transfer,1,0,0,0,0
7,127.04,950.37,Month-to-month,DSL,Electronic check,3,0,0,0,1
35,77.44,2666.9,Month-to-month,Fiber optic,Credit card,1,0,0,0,1
47,92.17,4410.98,Month-to-month,Fiber optic,Mailed check,2,1,1,0,1
52,57.77,3102.16,Month-to-month,Fiber optic,Electronic check,2,0,1,0,1
30,65.35,2089.7,Month-to-month,Fiber optic,Electronic check,1,0,1,1,1
66,52.16,3620.47,One year,Fiber optic,Credit card,1,0,1,0,0
55,20.0,1013.36,Two year,Fiber optic,Credit card,3,0,0,0,0
15,35.55,534.64,Month-to-month,Fiber optic,Mailed check,1,1,1,0,1
48,24.73,1188.39,Two year,No,Credit card,2,0,0,0,0
52,20.0,1030.19,One year,Fiber optic,Credit card,3,0,1,0,0
24,40.12,897.86,One year,Fiber optic,Credit card,1,1,0,0,0
53,103.12,5317.01,One year,No,Credit card,4,0,0,0,1
64,68.89,4418.17,One year,DSL,Mailed check,1,0,1,0,0
59,102.26,5956.75,Two year,DSL,Credit card,2,1,1,0,1
55,80.27,4423.7,Month-to-month,Fiber optic,Bank transfer,0,0,1,1,1
46,89.56,4040.54,Month-to-month,No,Bank transfer,2,0,0,0,1
20,47.48,839.59,Month-to-month,DSL,Electronic check,2,1,0,0,1
57,83.1,4760.06,Month-to-month,Fiber optic,Bank transfer,2,0,0,0,1
26,88.22,2308.76,One year,DSL,Credit card,2,0,0,0,1
38,55.58,2170.11,Month-to-month,Fiber optic,Electronic check,2,0,1,0,1
23,83.99,2150.32,Month-to-month,Fiber optic,Credit card,5,1,0,0,1
23,84.15,1963.29,Month-to-month,DSL,Mailed check,3,1,1,0,1
12,56.26,723.64,Month-to-month,No,Electronic check,4,1,0,0,1
69,41.93,2785.47,One year,DSL,Electronic check,0,0,1,0,0
11,40.4,315.67,One year,No,Credit card,2,0,1,0,0
7,72.16,663.42,Month-to-month,DSL,Bank transfer,2,1,1,1,1
67,78.18,5145.39,Month-to-month,No,Electronic check,1,0,0,0,1
40,50.19,1903.08,Month-to-month,Fiber optic,Bank transfer,4,0,0,0,1
32,70.66,2257.36,Month-to-month,DSL,Electronic check,0,0,0,0,1
53,84.26,4456.94,One year,DSL,Mailed check,0,1,1,0,1
28,85.45,2302.48,One year,DSL,Credit card,3,0,1,0,0
10,108.8,1057.47,Month-to-month,Fiber optic,Bank transfer,2,0,0,0,1
52,101.92,5423.01,Month-to-month,Fiber optic,Credit card,2,1,1,0,1
13,44.97,503.98,Two year,Fiber optic,Bank transfer,1,1,1,0,1
40,112.09,4344.22,One year,Fiber optic,Credit card,4,1,1,0,0
68,56.73,3951.6,Month-to-month,Fiber optic,Electronic check,2,0,0,0,0
67,96.12,6489.39,Month-to-month,Fiber optic,Electronic check,3,0,1,0,1
26,71.7,1802.14,Month-to-month,Fiber optic,Electronic check,2,0,0,1,1
56,59.7,3184.77,Two year,Fiber optic,Bank transfer,2,0,0,0,0
44,24.81,1017.07,Month-to-month,Fiber optic,Bank transfer,1,1,1,1,0
35,65.71,2294.41,Month-to-month,No,Bank transfer,4,0,1,1,0
10,31.02,426.72,Two year,Fiber optic,Electronic check,0,0,1,0,1
27,94.18,2439.27,One year,DSL,Electronic check,2,0,0,0,1
47,107.92,5063.78,Month-to-month,DSL,Bank transfer,2,0,0,1,1
71,50.08,3623.0,Month-to-month,Fiber optic,Credit card,4,1,1,0,0
1,77.55,20.0,Month-to-month,DSL,Electronic check,1,0,1,0,1
51,51.87,2748.5,One year,No,Electronic check,3,0,0,0,0
61,54.29,3193.32,Month-to-month,Fiber optic,Electronic check,3,0,0,0,1
68,89.36,6109.84,Two year,Fiber optic,Mailed check,0,0,1,1,1
31,69.04,2164.8,Two year,Fiber optic,Electronic check,3,0,1,1,0
9,113.49,1129.88,Month-to-month,DSL,Electronic check,4,1,0,1,1
20,57.94,1213.98,One year,Fiber optic,Bank transfer,0,0,1,1,0
61,94.98,5556.26,Month-to-month,DSL,Electronic check,1,0,1,0,1
63,72.44,4484.95,Month-to-month,Fiber optic,Mailed check,2,0,0,0,1
46,89.89,4148.97,One year,No,Electronic check,2,0,1,1,1
9,58.82,509.89,Month-to-month,Fiber optic,Credit card,3,0,1,1,0
9,68.76,666.61,Month-to-month,No,Mailed check,2,0,1,1,1
34,67.11,2360.76,Month-to-month,Fiber optic,Electronic check,3,0,1,1,1
42,49.1,2122.99,Month-to-month,Fiber optic,Electronic check,0,0,1,0,1
3,86.55,238.23,Month-to-month,Fiber optic,Bank transfer,3,1,1,0,1
49,86.26,4041.92,One year,Fiber optic,Credit card,1,1,0,1,0
39,84.84,3263.17,Two year,DSL,Electronic check,1,0,1,0,0
1,108.42,150.06,One year,DSL,Electronic check,0,0,0,0,1
7,106.23,634.59,Two year,Fiber optic,Electronic check,1,0,0,0,1
33,60.63,2063.8,Month-to-month,DSL,Bank transfer,1,0,1,0,0
52,79.33,4215.81,Two year,Fiber optic,Credit card,4,0,1,0,1
59,54.41,3222.88,Month-to-month,Fiber optic,Mailed check,0,0,1,0,0
31,70.58,1881.72,Month-to-month,No,Electronic check,2,0,1,0,1
21,55.01,1027.32,Two year,DSL,Credit card,1,1,1,0,0
69,110.5,7813.24,Month-to-month,No,Bank transfer,2,1,0,0,0
33,79.09,2555.4,Month-to-month,DSL,Electronic check,2,0,1,0,1
23,64.55,1286.22,Month-to-month,Fiber optic,Electronic check,1,0,1,0,1
32,99.84,3318.42,Month-to-month,Fiber optic,Mailed check,2,0,0,0,1
1,20.0,21.34,Month-to-month,DSL,Credit card,2,0,1,0,0
22,20.0,550.49,Month-to-month,DSL,Bank transfer,4,0,1,0,0
37,89.9,3353.85,Two year,DSL,Bank transfer,3,0,0,0,1
66,71.51,4765.63,Month-to-month,Fiber optic,Credit card,2,0,1,1,1
53,76.26,4078.14,Month-to-month,Fiber optic,Electronic check,4,0,0,0,1
56,36.84,2132.79,Month-to-month,DSL,Electronic check,3,0,0,0,0
39,69.42,2935.09,Two year,DSL,Electronic check,3,0,0,0,1
8,120.09,1057.8,Month-to-month,Fiber optic,Credit card,1,0,0,0,1
28,90.6,2378.91,Month-to-month,DSL,Bank transfer,0,0,0,1,1
71,74.24,5315.9,Month-to-month,Fiber optic,Electronic check,2,0,1,1,1
4,59.02,350.24,One year,No,Electronic check,0,0,0,0,1
63,60.14,3908.82,One year,Fiber optic,Bank transfer,1,0,1,1,0
49,20.0,937.34,One year,No,Bank transfer,1,0,1,0,0
21,76.44,1721.76,One year,Fiber optic,Bank transfer,1,0,0,0,1
56,91.14,5196.45,Month-to-month,Fiber optic,Electronic check,1,0,0,0,1
60,30.61,2093.82,Month-to-month,DSL,Credit card,2,1,1,0,0
4,53.46,138.86,Month-to-month,DSL,Credit card,3,0,1,0,1
8,41.06,277.77,Month-to-month,Fiber optic,Bank transfer,3,0,1,0,1
48,45.87,2170.97,Month-to-month,DSL,Bank transfer,1,0,0,0,1
71,71.34,5015.91,Month-to-month,No,Credit card,3,0,1,0,1
2,20.0,20.0,Month-to-month,Fiber optic,Credit card,0,0,1,0,0
48,85.36,3820.86,One year,No,Bank transfer,1,0,1,0,1
10,88.85,844.99,Month-to-month,DSL,Mailed check,2,1,0,0,1
47,63.72,3031.89,One year,Fiber optic,Mailed check,1,0,1,0,1
45,20.0,850.68,One year,Fiber optic,Credit card,2,0,0,0,0
7,45.09,509.16,Month-to-month,DSL,Bank transfer,0,0,1,0,0
49,100.82,4941.64,Month-to-month,Fiber optic,Electronic check,1,0,1,1,1
64,20.0,1409.1,One year,Fiber optic,Electronic check,1,1,1,0,0
62,61.31,3827.48,One year,No,Credit card,6,0,0,0,1
3,40.5,204.14,Month-to-month,Fiber optic,Credit card,4,0,1,1,1
18,90.11,1649.98,Month-to-month,DSL,Credit card,6,0,0,0,1
18,53.12,1093.08,One year,Fiber optic,Mailed check,1,0,1,0,0
33,80.1,2648.86,One year,Fiber optic,Credit card,1,0,1,0,1
11,84.14,975.11,Month-to-month,DSL,Credit card,1,0,1,0,1
61,115.91,7106.88,Month-to-month,Fiber optic,Electronic check,3,0,1,0,1
56,64.93,3607.05,Two year,DSL,Electronic check,0,0,1,0,0
58,79.4,4645.76,Month-to-month,DSL,Credit card,5,1,1,0,0
15,32.87,716.54,Two year,Fiber optic,Electronic check,4,0,1,1,1
2,99.76,172.48,Month-to-month,DSL,Bank transfer,2,0,1,0,0
65,50.99,3356.12,Month-to-month,Fiber optic,Bank transfer,2,0,1,0,1
21,55.98,1301.38,Month-to-month,DSL,Bank transfer,2,0,1,1,1
47,69.44,3377.88,Month-to-month,Fiber optic,Electronic check,1,0,1,0,1
65,30.93,2011.48,Two year,DSL,Bank transfer,4,0,0,1,0
3,75.72,20.0,Month-to-month,No,Electronic check,2,0,1,0,1
1,94.19,145.86,Two year,DSL,Credit card,0,0,0,0,0
1,77.32,20.0,Month-to-month,Fiber optic,Electronic check,3,0,0,1,1
12,30.28,510.32,Two year,DSL,Bank transfer,2,0,1,0,1
4,66.9,284.57,Two year,DSL,Credit card,3,0,0,1,1
59,88.55,5324.46,One year,Fiber optic,Electronic check,4,0,1,0,1
44,23.05,924.0,Month-to-month,Fiber optic,Electronic check,6,0,1,1,1
70,43.13,2863.91,One year,No,Credit card,3,1,0,0,1
57,91.91,5265.15,Month-to-month,DSL,Electronic check,3,0,0,0,1
69,76.75,5292.55,Two year,DSL,Electronic check,0,0,0,0,0
17,80.3,1315.93,Month-to-month,Fiber optic,Mailed check,1,1,0,1,1
21,116.49,2454.7,Month-to-month,Fiber optic,Credit card,3,0,1,0,1
61,81.71,5261.29,Month-to-month,DSL,Bank transfer,3,0,1,0,1
18,86.45,1639.5,One year,Fiber optic,Mailed check,3,1,1,1,1
5,137.77,793.79,Two year,Fiber optic,Credit card,1,0,0,0,1
48,64.65,3187.83,Month-to-month,Fiber optic,Mailed check,1,0,1,0,0
57,50.05,3000.96,One year,Fiber optic,Mailed check,2,0,0,0,0
69,80.69,5548.94,Two year,Fiber optic,Mailed check,1,0,1,0,1
66,80.97,5138.86,Month-to-month,DSL,Electronic check,1,0,1,0,1
9,56.83,492.63,Month-to-month,Fiber optic,Electronic check,2,0,0,0,1
55,44.19,2511.63,One year,DSL,Bank transfer,1,1,1,0,0
61,127.75,7695.53,One year,Fiber optic,Electronic check,3,0,1,0,1
50,78.17,3890.92,Month-to-month,Fiber optic,Bank transfer,1,0,0,0,1
59,51.69,2980.7,Two year,Fiber optic,Electronic check,2,1,1,0,0
60,92.9,5724.1,Month-to-month,DSL,Mailed check,2,0,1,1,0
32,67.27,2227.63,Two year,DSL,Electronic check,2,0,0,0,0
3,63.68,256.19,Two year,Fiber optic,Bank transfer,2,0,0,0,1
33,84.06,2836.04,Two year,Fiber optic,Bank transfer,3,0,1,0,1
15,37.7,561.82,Month-to-month,No,Mailed check,3,1,1,0,1
9,78.82,729.1,Month-to-month,Fiber optic,Electronic check,2,0,1,1,1
9,117.82,941.9,Month-to-month,No,Electronic check,3,0,1,0,1
50,81.65,3864.08,Month-to-month,DSL,Credit card,4,0,1,1,1
36,60.59,2196.42,One year,Fiber optic,Electronic check,2,0,0,0,1
39,57.32,2267.97,Month-to-month,DSL,Credit card,2,0,0,1,0
53,59.74,3287.23,Month-to-month,Fiber optic,Electronic check,1,1,0,1,1
39,63.65,2639.52,Month-to-month,DSL,Electronic check,2,0,1,0,1
45,60.55,2881.97,Month-to-month,DSL,Bank transfer,1,0,1,1,0
7,92.91,550.55,Month-to-month,Fiber optic,Mailed check,1,0,1,1,1
61,26.67,1591.63,One year,Fiber optic,Electronic check,4,0,0,0,1
32,91.55,2977.63,One year,DSL,Credit card,3,0,1,0,0
12,60.51,979.28,Month-to-month,DSL,Electronic check,1,0,1,0,1
58,79.42,4754.58,Two year,Fiber optic,Mailed check,1,0,0,0,1
53,41.83,2328.68,Two year,DSL,Mailed check,1,0,0,0,0
4,103.22,374.08,Month-to-month,DSL,Mailed check,3,0,1,0,1
14,101.14,1327.65,One year,Fiber optic,Credit card,4,0,1,0,1
2,93.99,266.87,Month-to-month,DSL,Electronic check,0,0,1,0,1
20,32.13,532.56,Month-to-month,Fiber optic,Credit card,4,0,0,0,1
8,90.73,701.98,Month-to-month,Fiber optic,Bank transfer,2,0,1,0,1
51,80.12,4074.71,Month-to-month,DSL,Credit card,0,0,0,0,0
38,29.87,1294.28,Two year,DSL,Credit card,3,0,0,1,1
70,69.39,4822.01,Two year,DSL,Credit card,4,1,1,0,1
54,79.11,4028.2,Two year,DSL,Bank transfer,4,1,0,1,0
44,83.9,3742.13,One year,DSL,Mailed check,1,0,1,1,1
37,74.43,2684.06,One year,No,Mailed check,0,0,1,1,1
4,77.28,313.39,Two year,Fiber optic,Bank transfer,3,0,0,0,1
5,106.84,525.53,Month-to-month,Fiber optic,Mailed check,2,0,0,1,1
44,100.65,4401.27,Month-to-month,Fiber optic,Bank transfer,5,1,1,1,1
1,20.0,99.03,One year,Fiber optic,Electronic check,1,0,0,1,0
4,62.06,94.97,Month-to-month,Fiber optic,Credit card,4,0,0,0,1
16,65.88,1002.44,Month-to-month,DSL,Electronic check,3,0,0,0,1
63,26.2,1718.85,Month-to-month,DSL,Credit card,1,0,0,0,0
33,72.35,2326.29,One year,DSL,Electronic check,2,0,1,0,1
51,101.22,5001.29,Month-to-month,DSL,Electronic check,1,0,1,0,1
30,42.84,1351.93,Month-to-month,DSL,Credit card,3,0,0,1,1
13,78.41,1131.64,Month-to-month,No,Credit card,3,0,1,0,0
27,47.1,1267.32,Month-to-month,No,Bank transfer,0,0,0,0,1
7,53.2,176.33,Two year,DSL,Credit card,4,1,1,1,1
55,106.93,5952.01,Month-to-month,Fiber optic,Electronic check,1,0,0,0,1
14,56.44,624.12,One year,Fiber optic,Credit card,1,0,1,0,0
27,81.56,2232.87,One year,Fiber optic,Mailed check,1,0,0,1,1
70,23.22,1536.62,Month-to-month,Fiber optic,Mailed check,3,0,1,1,1
43,116.56,4896.01,Two year,DSL,Mailed check,3,0,0,0,1
33,85.07,2763.0,One year,Fiber optic,Electronic check,1,0,1,0,1
39,65.44,2533.73,One year,No,Bank transfer,5,0,0,0,1
56,84.39,4661.34,Month-to-month,Fiber optic,Bank transfer,2,0,1,0,1
19,34.75,719.21,Month-to-month,Fiber optic,Electronic check,2,0,1,1,1
46,99.56,4535.3,Two year,Fiber optic,Credit card,1,0,0,1,1
62,61.9,3935.84,One year,DSL,Mailed check,3,0,0,0,1
41,64.9,2688.95,Two year,DSL,Electronic check,2,1,0,0,0
32,57.71,1776.92,Two year,Fiber optic,Bank transfer,1,0,1,0,0
11,55.48,523.73,Month-to-month,DSL,Electronic check,1,0,1,0,1
18,87.37,1407.85,One year,Fiber optic,Electronic check,2,0,1,0,1
68,76.4,5224.11,Month-to-month,Fiber optic,Bank transfer,3,0,0,0,1
39,86.29,3330.0,One year,Fiber optic,Electronic check,3,0,1,1,1
22,69.78,1297.94,Month-to-month,DSL,Electronic check,0,0,0,0,1
30,82.83,2431.33,Month-to-month,No,Bank transfer,2,0,0,0,0
42,59.53,2410.11,One year,DSL,Electronic check,1,0,0,0,0
39,125.74,5061.56,One year,DSL,Credit card,1,1,1,1,1
50,30.8,1369.81,One year,DSL,Credit card,5,0,1,1,0
19,101.52,1784.81,Month-to-month,Fiber optic,Electronic check,0,0,1,0,1
47,104.2,5008.29,Month-to-month,No,Mailed check,1,0,0,0,1
32,48.7,1693.95,Two year,DSL,Electronic check,3,0,0,1,0
67,125.73,8349.54,Month-to-month,No,Bank transfer,1,0,1,0,0
12,94.89,1075.44,Month-to-month,DSL,Electronic check,1,0,1,0,1
11,94.28,1098.69,One year,Fiber optic,Credit card,3,0,0,0,1
33,70.7,2100.41,Month-to-month,DSL,Electronic check,3,0,0,1,1
37,64.57,2202.95,One year,Fiber optic,Bank transfer,1,1,1,0,1
50,64.76,3210.17,Month-to-month,Fiber optic,Electronic check,1,1,1,0,0
29,79.76,2468.12,Two year,Fiber optic,Electronic check,2,0,1,0,1
65,105.03,6783.35,Two year,DSL,Mailed check,2,0,0,0,1
34,74.53,2544.21,Two year,Fiber optic,Bank transfer,2,0,1,0,1
10,47.21,585.52,One year,No,Credit card,3,1,0,1,0
9,90.61,1026.18,Month-to-month,Fiber optic,Electronic check,0,0,1,1,1
70,93.03,6454.33,One year,Fiber optic,Electronic check,0,0,0,0,1
10,86.37,861.98,Two year,Fiber optic,Mailed check,3,0,0,0,1
68,88.64,6209.55,One year,DSL,Mailed check,3,0,1,1,0
20,63.23,1112.32,One year,No,Credit card,2,0,0,1,0
7,46.78,430.19,One year,DSL,Credit card,3,0,0,0,1
22,48.3,960.66,One year,Fiber optic,Credit card,1,0,1,0,0
44,29.11,1291.24,One year,DSL,Electronic check,2,0,1,0,0
31,75.92,2329.37,Month-to-month,DSL,Mailed check,2,0,1,0,1
56,67.91,3707.37,Month-to-month,Fiber optic,Bank transfer,3,0,0,0,1
44,59.0,2497.7,One year,Fiber optic,Electronic check,3,1,0,0,1
29,20.0,607.64,Month-to-month,No,Bank transfer,1,0,1,0,0
46,38.82,1885.14,Two year,No,Electronic check,1,0,0,1,0
69,98.02,6750.48,One year,DSL,Electronic check,3,0,0,1,0
30,53.38,1608.54,Month-to-month,DSL,Credit card,3,0,1,1,0
11,79.01,926.28,Two year,Fiber optic,Electronic check,1,1,1,0,1
30,35.23,959.82,One year,Fiber optic,Credit card,5,0,0,0,0
60,105.97,6432.03,One year,Fiber optic,Electronic check,1,1,1,0,1
16,66.4,1144.32,Month-to-month,No,Electronic check,3,0,1,0,1
68,77.25,5513.43,Two year,Fiber optic,Electronic check,5,0,0,0,1
42,128.14,5344.46,Month-to-month,DSL,Electronic check,1,0,1,0,1
43,107.91,4594.36,One year,Fiber optic,Mailed check,4,0,0,1,1
23,62.34,1510.62,Month-to-month,Fiber optic,Electronic check,4,0,0,1,1
66,55.17,3723.1,One year,Fiber optic,Bank transfer,2,1,1,0,1
3,61.86,132.08,One year,DSL,Credit card,2,1,1,1,1
22,82.75,1780.13,One year,Fiber optic,Mailed check,0,0,0,0,1
30,67.37,2075.19,Month-to-month,Fiber optic,Electronic check,5,1,1,0,1
34,60.12,1961.28,Two year,DSL,Mailed check,2,1,1,0,0
34,106.68,3586.05,One year,Fiber optic,Credit card,1,0,0,0,1
11,67.14,747.55,Month-to-month,DSL,Bank transfer,2,0,1,0,1
17,127.49,2266.92,Two year,Fiber optic,Electronic check,2,0,1,0,1
7,72.27,445.42,One year,Fiber optic,Mailed check,2,0,0,0,1
41,114.63,4515.71,Two year,No,Mailed check,2,0,1,1,1
25,78.93,1781.66,Two year,DSL,Electronic check,0,1,1,0,1
41,94.07,3731.09,Two year,DSL,Electronic check,6,0,1,0,1
42,51.88,2047.84,One year,DSL,Credit card,3,0,0,0,1
50,48.66,2417.34,One year,Fiber optic,Electronic check,2,0,0,0,0
39,81.49,3059.33,Month-to-month,DSL,Electronic check,3,0,0,0,1
47,94.71,4381.27,Month-to-month,Fiber optic,Electronic check,1,0,1,0,0
42,71.01,2904.86,One year,DSL,Bank transfer,2,0,1,1,0
47,37.84,1734.44,Month-to-month,DSL,Mailed check,1,0,1,0,0
44,35.99,1715.97,Two year,Fiber optic,Electronic check,2,0,1,0,1
23,34.32,855.59,Month-to-month,Fiber optic,Mailed check,3,0,0,0,1
18,25.81,466.18,Month-to-month,No,Bank transfer,2,0,0,1,1
56,72.74,4027.18,Month-to-month,Fiber optic,Electronic check,4,0,1,0,1
25,98.13,2409.83,Month-to-month,Fiber optic,Credit card,2,0,1,0,1
39,69.66,2749.69,Month-to-month,Fiber optic,Electronic check,0,0,1,1,1
14,20.0,338.42,Month-to-month,Fiber optic,Electronic check,0,0,0,0,1
31,65.23,1931.4,Two year,DSL,Credit card,1,0,0,0,1
38,65.93,2508.99,Month-to-month,Fiber optic,Credit card,2,0,1,0,1
45,122.4,5304.84,Month-to-month,Fiber optic,Electronic check,2,1,0,0,1
38,33.57,1296.89,Month-to-month,DSL,Credit card,2,1,0,1,0
26,60.23,1642.27,Month-to-month,Fiber optic,Mailed check,3,0,1,0,1
69,112.65,7744.59,Month-to-month,Fiber optic,Electronic check,2,0,1,0,1
37,81.25,3187.88,One year,Fiber optic,Credit card,0,0,1,0,0
